ananasa|ananas
ananasach|ananas
ananasami|ananas
ananas|ananas
ananasem|ananas
ananasi|ananas
ananasie|ananas
ananasom|ananas
ananasow|ananas
ananasowi|ananas
ananasy|ananas
arbuza|arbuz
arbuzach|arbuz
arbuzami|arbuz
arbuz|arbuz
arbuzem|arbuz
arbuzie|arbuz
arbuzom|arbuz
arbuzow|arbuz
arbuzowi|arbuz
arbuzy|arbuz
avocado|avocado
awokada|awokado
awokadach|awokado
awokadami|awokado
awokadem|awokado
awokado|awokado
awokadom|awokado
awokadow|awokado
awokadu|awokado
awokadzie|awokado
baklazana|baklazan
baklazanach|baklazan
baklazanami|baklazan
baklazan|baklazan
baklazanem|baklazan
baklazanie|baklazan
baklazanom|baklazan
baklazanow|baklazan
baklazanowi|baklazan
baklazany|baklazan
banana|banan
bananach|banan
bananami|banan
banan|banan
bananem|banan
bananie|banan
bananom|banan
bananow|banan
bananowi|banan
banany|banan
bazylia|bazylia
bazyliach|bazylia
bazyliami|bazylia
bazylie|bazylia
bazylii|bazylia
bazylij|bazylia
bazylio|bazylia
bazyliom|bazylia
borowce|borowka
borowek|borowka
borowka|borowka
borowkach|borowka
borowkami|borowka
borowke|borowka
borowki|borowka
borowko|borowka
borowkom|borowka
brokula|brokul
brokulach|brokul
brokulami|brokul
brokul|brokul
brokule|brokul
brokulem|brokul
brokulom|brokul
brokulow|brokul
brokulowi|brokul
brokulu|brokul
brokuly|brokul
brzoskwin|brzoskwinia
brzoskwinia|brzoskwinia
brzoskwiniach|brzoskwinia
brzoskwiniami|brzoskwinia
brzoskwini|brzoskwinia
brzoskwinie|brzoskwinia
brzoskwinio|brzoskwinia
brzoskwiniom|brzoskwinia
buraka|burak
burakach|burak
burakami|burak
burak|burak
buraki|burak
burakiem|burak
burakom|burak
burakow|burak
burakowi|burak
buraku|burak
cebula|cebula
cebulach|cebula
cebulami|cebula
cebul|cebula
cebule|cebula
cebuli|cebula
cebulo|cebula
cebulom|cebula
chrzanach|chrzan
chrzanami|chrzan
chrzan|chrzan
chrzanem|chrzan
chrzanie|chrzan
chrzanom|chrzan
chrzanow|chrzan
chrzanowi|chrzan
chrzanu|chrzan
chrzany|chrzan
cukiniach|cukinia
cukinia|cukinia
cukiniami|cukinia
cukinie|cukinia
cukinii|cukinia
cukinij|cukinia
cukinio|cukinia
cukiniom|cukinia
cykoriach|cykoria
cykoria|cykoria
cykoriami|cykoria
cykorie|cykoria
cykorii|cykoria
cykorio|cykoria
cykoriom|cykoria
cykoryj|cykoria
cytrynach|cytryna
cytryna|cytryna
cytrynami|cytryna
cytryn|cytryna
cytryne|cytryna
cytrynie|cytryna
cytryno|cytryna
cytrynom|cytryna
cytryny|cytryna
czosnek|czosnek
czosnkach|czosnek
czosnkami|czosnek
czosnki|czosnek
czosnkiem|czosnek
czosnkom|czosnek
czosnkow|czosnek
czosnkowi|czosnek
czosnku|czosnek
granacie|granat
granatach|granat
granatami|granat
granatem|granat
granat|granat
granatom|granat
granatow|granat
granatowi|granat
granatu|granat
granaty|granat
grejpfrucie|grejpfrut
grejpfrutach|grejpfrut
grejpfruta|grejpfrut
grejpfrutami|grejpfrut
grejpfrutem|grejpfrut
grejpfrut|grejpfrut
grejpfrutom|grejpfrut
grejpfrutow|grejpfrut
grejpfrutowi|grejpfrut
grejpfruty|grejpfrut
gruszce|gruszka
gruszek|gruszka
gruszkach|gruszka
gruszka|gruszka
gruszkami|gruszka
gruszke|gruszka
gruszki|gruszka
gruszko|gruszka
gruszkom|gruszka
imbirach|imbir
imbirami|imbir
imbirem|imbir
imbir|imbir
imbirom|imbir
imbirowi|imbir
imbirow|imbir
imbiru|imbir
imbiry|imbir
imbirze|imbir
jarmuzach|jarmuz
jarmuzami|jarmuz
jarmuze|jarmuz
jarmuzem|jarmuz
jarmuz|jarmuz
jarmuzom|jarmuz
jarmuzowi|jarmuz
jarmuzow|jarmuz
jarmuzu|jarmuz
jarmuzy|jarmuz
kaki|kaki
kalafiorach|kalafior
kalafiora|kalafior
kalafiorami|kalafior
kalafiorem|kalafior
kalafior|kalafior
kalafiorom|kalafior
kalafiorowi|kalafior
kalafiorow|kalafior
kalafiory|kalafior
kalafiorze|kalafior
kalarepach|kalarepa
kalarepa|kalarepa
kalarepami|kalarepa
kalarepe|kalarepa
kalarepie|kalarepa
kalarep|kalarepa
kalarepo|kalarepa
kalarepom|kalarepa
kalarepy|kalarepa
kapuscie|kapusta
kapustach|kapusta
kapusta|kapusta
kapustami|kapusta
kapuste|kapusta
kapust|kapusta
kapusto|kapusta
kapustom|kapusta
kapusty|kapusta
kielek|kielek
kielkach|kielek
kielka|kielek
kielkami|kielek
kielkiem|kielek
kielki|kielek
kielkom|kielek
kielkowi|kielek
kielkow|kielek
kielku|kielek
kiwi|kiwi
kokosach|kokos
kokosa|kokos
kokosami|kokos
kokosem|kokos
kokosie|kokos
kokos|kokos
kokosom|kokos
kokosowi|kokos
kokosow|kokos
kokosu|kokos
kokosy|kokos
koperek|koperek
koperkach|koperek
koperkami|koperek
koperkiem|koperek
koperki|koperek
koperkom|koperek
koperkowi|koperek
koperkow|koperek
koperku|koperek
limonce|limonka
limonek|limonka
limonkach|limonka
limonka|limonka
limonkami|limonka
limonke|limonka
limonki|limonka
limonko|limonka
limonkom|limonka
lubczykach|lubczyk
lubczykami|lubczyk
lubczykiem|lubczyk
lubczyki|lubczyk
lubczyk|lubczyk
lubczykom|lubczyk
lubczykowi|lubczyk
lubczykow|lubczyk
lubczyku|lubczyk
majeranek|majeranek
majerankach|majeranek
majerankami|majeranek
majerankiem|majeranek
majeranki|majeranek
majerankom|majeranek
majerankowi|majeranek
majerankow|majeranek
majeranku|majeranek
malinach|malina
malina|malina
malinami|malina
maline|malina
malinie|malina
malin|malina
malino|malina
malinom|malina
maliny|malina
mandarynce|mandarynka
mandarynek|mandarynka
mandarynkach|mandarynka
mandarynka|mandarynka
mandarynkami|mandarynka
mandarynke|mandarynka
mandarynki|mandarynka
mandarynko|mandarynka
mandarynkom|mandarynka
marchewce|marchewka
marchewek|marchewka
marchewkach|marchewka
marchewka|marchewka
marchewkami|marchewka
marchewke|marchewka
marchewki|marchewka
marchewko|marchewka
marchewkom|marchewka
marchew|marchew
marchwiach|marchew
marchwia|marchew
marchwiami|marchew
marchwie|marchew
marchwi|marchew
marchwiom|marchew
melisach|melisa
melisa|melisa
melisami|melisa
melise|melisa
melisie|melisa
melis|melisa
meliso|melisa
melisom|melisa
melisy|melisa
melonach|melon
melona|melon
melonami|melon
melonem|melon
melonie|melon
melon|melon
melonom|melon
melonowi|melon
melonow|melon
melony|melon
natce|natka
natek|natka
natkach|natka
natkami|natka
natka|natka
natke|natka
natki|natka
natkom|natka
natko|natka
nektarynach|nektaryna
nektarynami|nektaryna
nektaryna|nektaryna
nektarynce|nektarynka
nektarynek|nektarynka
nektaryne|nektaryna
nektarynie|nektaryna
nektarynkach|nektarynka
nektarynkami|nektarynka
nektarynka|nektarynka
nektarynke|nektarynka
nektarynki|nektarynka
nektarynkom|nektarynka
nektarynko|nektarynka
nektaryn|nektaryna
nektarynom|nektaryna
nektaryno|nektaryna
nektaryny|nektaryna
ogorek|ogorek
ogorkach|ogorek
ogorkami|ogorek
ogorka|ogorek
ogorkiem|ogorek
ogorki|ogorek
ogorkom|ogorek
ogorkowi|ogorek
ogorkow|ogorek
ogorku|ogorek
oregano|oregano
papai|papaja
papajach|papaja
papajami|papaja
papaja|papaja
papaje|papaja
papajom|papaja
papajo|papaja
papryce|papryka
papryczce|papryczka
papryczek|papryczka
papryczkach|papryczka
papryczkami|papryczka
papryczka|papryczka
papryczke|papryczka
papryczki|papryczka
papryczkom|papryczka
papryczko|papryczka
paprykach|papryka
paprykami|papryka
papryka|papryka
papryke|papryka
papryki|papryka
paprykom|papryka
papryko|papryka
papryk|papryka
pietruszce|pietruszka
pietruszek|pietruszka
pietruszkach|pietruszka
pietruszkami|pietruszka
pietruszka|pietruszka
pietruszke|pietruszka
pietruszki|pietruszka
pietruszkom|pietruszka
pietruszko|pietruszka
pomaranczach|pomarancz
pomaranczami|pomarancz
pomaranczem|pomarancz
pomarancze|pomarancz
pomaranczom|pomarancz
pomaranczowi|pomarancz
pomaranczow|pomarancz
pomarancz|pomarancz
pomaranczu|pomarancz
pomidorach|pomidor
pomidorami|pomidor
pomidora|pomidor
pomidorek|pomidorek
pomidorem|pomidor
pomidorkach|pomidorek
pomidorkami|pomidorek
pomidorka|pomidorek
pomidorkiem|pomidorek
pomidorki|pomidorek
pomidorkom|pomidorek
pomidorkowi|pomidorek
pomidorkow|pomidorek
pomidorku|pomidorek
pomidorom|pomidor
pomidorowi|pomidor
pomidorow|pomidor
pomidor|pomidor
pomidory|pomidor
pomidorze|pomidor
porach|por
porami|por
pora|por
porem|por
porom|por
porowi|por
porow|por
por|por
pory|por
porze|por
rabarbarach|rabarbar
rabarbarami|rabarbar
rabarbarem|rabarbar
rabarbarom|rabarbar
rabarbarowi|rabarbar
rabarbarow|rabarbar
rabarbar|rabarbar
rabarbaru|rabarbar
rabarbary|rabarbar
rabarbarze|rabarbar
roszponce|roszponka
roszponek|roszponka
roszponkach|roszponka
roszponkami|roszponka
roszponka|roszponka
roszponke|roszponka
roszponki|roszponka
roszponkom|roszponka
roszponko|roszponka
rukolach|rukola
rukolami|rukola
rukola|rukola
rukole|rukola
rukoli|rukola
rukolom|rukola
rukolo|rukola
rzodkiewce|rzodkiewka
rzodkiewek|rzodkiewka
rzodkiewkach|rzodkiewka
rzodkiewkami|rzodkiewka
rzodkiewka|rzodkiewka
rzodkiewke|rzodkiewka
rzodkiewki|rzodkiewka
rzodkiewkom|rzodkiewka
rzodkiewko|rzodkiewka
rzodkiew|rzodkiew
rzodkwiach|rzodkiew
rzodkwiami|rzodkiew
rzodkwia|rzodkiew
rzodkwie|rzodkiew
rzodkwiom|rzodkiew
rzodkwi|rzodkiew
salacie|salata
salatach|salata
salatami|salata
salata|salata
salate|salata
salatom|salata
salato|salata
salat|salata
salaty|salata
selerach|seler
selerami|seler
selera|seler
selerem|seler
selerom|seler
selerowi|seler
selerow|seler
seler|seler
selery|seler
selerze|seler
sliwce|sliwka
sliwek|sliwka
sliwkach|sliwka
sliwkami|sliwka
sliwka|sliwka
sliwke|sliwka
sliwki|sliwka
sliwkom|sliwka
sliwko|sliwka
smocza|smoczy
smoczego|smoczy
smoczej|smoczy
smoczemu|smoczy
smocze|smoczy
smoczo|smoczy
smoczych|smoczy
smoczymi|smoczy
smoczym|smoczy
smoczy|smoczy
szalwiach|szalwia
szalwiami|szalwia
szalwia|szalwia
szalwie|szalwia
szalwii|szalwia
szalwij|szalwia
szalwiom|szalwia
szalwio|szalwia
szczypiorach|szczypior
szczypiorami|szczypior
szczypiorek|szczypiorek
szczypiorem|szczypior
szczypiorkach|szczypiorek
szczypiorkami|szczypiorek
szczypiorkiem|szczypiorek
szczypiorki|szczypiorek
szczypiorkom|szczypiorek
szczypiorkowi|szczypiorek
szczypiorkow|szczypiorek
szczypiorku|szczypiorek
szczypiorom|szczypior
szczypiorowi|szczypior
szczypiorow|szczypior
szczypior|szczypior
szczypioru|szczypior
szczypiory|szczypior
szczypiorze|szczypior
szparagach|szparag
szparagami|szparag
szparaga|szparag
szparagiem|szparag
szparagi|szparag
szparagom|szparag
szparagowi|szparag
szparagow|szparag
szparag|szparag
szparagu|szparag
szpinakach|szpinak
szpinakami|szpinak
szpinakiem|szpinak
szpinaki|szpinak
szpinakom|szpinak
szpinakowi|szpinak
szpinakow|szpinak
szpinak|szpinak
szpinaku|szpinak
truskawce|truskawka
truskawek|truskawka
truskawkach|truskawka
truskawkami|truskawka
truskawka|truskawka
truskawke|truskawka
truskawki|truskawka
truskawkom|truskawka
truskawko|truskawka
tymianek|tymianek
tymiankach|tymianek
tymiankami|tymianek
tymiankiem|tymianek
tymianki|tymianek
tymiankom|tymianek
tymiankowi|tymianek
tymiankow|tymianek
tymianku|tymianek
winogronach|winogrono
winogronami|winogrono
winogrona|winogrono
winogronem|winogrono
winogronie|winogrono
winogronom|winogrono
winogrono|winogrono
winogronu|winogrono
winogron|winogrono
wloszczyznach|wloszczyzna
wloszczyznami|wloszczyzna
wloszczyzna|wloszczyzna
wloszczyzne|wloszczyzna
wloszczyznie|wloszczyzna
wloszczyznom|wloszczyzna
wloszczyzno|wloszczyzna
wloszczyzn|wloszczyzna
wloszczyzny|wloszczyzna
ziemniakach|ziemniak
ziemniakami|ziemniak
ziemniaka|ziemniak
ziemniakiem|ziemniak
ziemniaki|ziemniak
ziemniakom|ziemniak
ziemniakowi|ziemniak
ziemniakow|ziemniak
ziemniaku|ziemniak
ziemniak|ziemniak
brykiecie|brykiet
brykietach|brykiet
brykietami|brykiet
brykiet|brykiet
brykietem|brykiet
brykietom|brykiet
brykietow|brykiet
brykietowi|brykiet
brykietu|brykiet
brykiety|brykiet
donicach|donica
donica|donica
donicami|donica
donic|donica
donice|donica
donico|donica
donicom|donica
donicy|donica
doniczce|doniczka
doniczek|doniczka
doniczkach|doniczka
doniczka|doniczka
doniczkami|doniczka
doniczke|doniczka
doniczki|doniczka
doniczko|doniczka
doniczkom|doniczka
fasolach|fasola
fasola|fasola
fasolami|fasola
fasole|fasola
fasoli|fasola
fasolo|fasola
fasolom|fasola
granulowac|granulowac
granulowala|granulowac
granulowal|granulowac
granulowali|granulowac
granulowalo|granulowac
granulowaly|granulowac
granulowana|granulowac
granulowanego|granulowac
granulowane|granulowac
granulowanej|granulowac
granulowanemu|granulowac
granulowania|granulowac
granulowanie|granulowac
granulowaniem|granulowac
granulowani|granulowac
granulowaniu|granulowac
granulowano|granulowac
granulowanych|granulowac
granulowany|granulowac
granulowanym|granulowac
granulowanymi|granulowac
granulujaca|granulowac
granulujacego|granulowac
granulujace|granulowac
granulujacej|granulowac
granulujacemu|granulowac
granulujac|granulowac
granulujacych|granulowac
granulujacy|granulowac
granulujacym|granulowac
granulujacymi|granulowac
granuluja|granulowac
granulujcie|granulowac
granulujecie|granulowac
granuluje|granulowac
granulujemy|granulowac
granulujesz|granulowac
granuluj|granulowac
granulujmy|granulowac
kandyzowac|kandyzowac
kandyzowala|kandyzowac
kandyzowali|kandyzowac
kandyzowal|kandyzowac
kandyzowalo|kandyzowac
kandyzowaly|kandyzowac
kandyzowana|kandyzowac
kandyzowanego|kandyzowac
kandyzowanej|kandyzowac
kandyzowane|kandyzowac
kandyzowanemu|kandyzowac
kandyzowania|kandyzowac
kandyzowanie|kandyzowac
kandyzowaniem|kandyzowac
kandyzowani|kandyzowac
kandyzowaniu|kandyzowac
kandyzowano|kandyzowac
kandyzowanych|kandyzowac
kandyzowany|kandyzowac
kandyzowanymi|kandyzowac
kandyzowanym|kandyzowac
kandyzujaca|kandyzowac
kandyzujacego|kandyzowac
kandyzujacej|kandyzowac
kandyzujace|kandyzowac
kandyzujacemu|kandyzowac
kandyzujac|kandyzowac
kandyzujacych|kandyzowac
kandyzujacy|kandyzowac
kandyzujacymi|kandyzowac
kandyzujacym|kandyzowac
kandyzuja|kandyzowac
kandyzujcie|kandyzowac
kandyzujecie|kandyzowac
kandyzuje|kandyzowac
kandyzujemy|kandyzowac
kandyzujesz|kandyzowac
kandyzuj|kandyzowac
kandyzujmy|kandyzowac
kawalek|kawalek
kawalkach|kawalek
kawalka|kawalek
kawalkami|kawalek
kawalkiem|kawalek
kawalki|kawalek
kawalkom|kawalek
kawalkowi|kawalek
kawalkow|kawalek
kawalku|kawalek
konserwowa|konserwowy
konserwowego|konserwowy
konserwowej|konserwowy
konserwowe|konserwowy
konserwowemu|konserwowy
konserwowi|konserwowy
konserwowo|konserwowy
konserwowych|konserwowy
konserwowy|konserwowy
konserwowymi|konserwowy
konserwowym|konserwowy
korniszonach|korniszon
korniszona|korniszon
korniszonami|korniszon
korniszonem|korniszon
korniszonie|korniszon
korniszon|korniszon
korniszonom|korniszon
korniszonowi|korniszon
korniszonow|korniszon
korniszony|korniszon
kostce|kostka
kostek|kostka
kostkach|kostka
kostka|kostka
kostkami|kostka
kostke|kostka
kostki|kostka
kostko|kostka
kostkom|kostka
kroicie|kroic
kroic|kroic
kroi|kroic
kroila|kroic
kroili|kroic
kroil|kroic
kroilo|kroic
kroily|kroic
kroimy|kroic
kroisz|kroic
krojaca|kroic
krojacego|kroic
krojacej|kroic
krojace|kroic
krojacemu|kroic
krojac|kroic
krojacych|kroic
krojacy|kroic
krojacymi|kroic
krojacym|kroic
kroja|kroic
krojcie|kroic
kroje|kroic
krojenia|kroic
krojenie|kroic
krojeniem|kroic
krojeni|kroic
krojeniu|kroic
kroj|kroic
krojmy|kroic
krojona|kroic
krojonego|kroic
krojonej|kroic
krojone|kroic
krojonemu|kroic
krojono|kroic
krojonych|kroic
krojony|kroic
krojonymi|kroic
krojonym|kroic
lisciach|liscie
liscia|liscie
lisciami|liscie
liscie|liscie
lisciem|liscie
lisci|liscie
lisciom|liscie
lisciu|liscie
lisc|liscie
marynowac|marynowac
marynowala|marynowac
marynowali|marynowac
marynowal|marynowac
marynowalo|marynowac
marynowaly|marynowac
marynowana|marynowac
marynowanego|marynowac
marynowanej|marynowac
marynowane|marynowac
marynowanemu|marynowac
marynowania|marynowac
marynowanie|marynowac
marynowaniem|marynowac
marynowani|marynowac
marynowaniu|marynowac
marynowano|marynowac
marynowanych|marynowac
marynowany|marynowac
marynowanymi|marynowac
marynowanym|marynowac
marynujaca|marynowac
marynujacego|marynowac
marynujacej|marynowac
marynujace|marynowac
marynujacemu|marynowac
marynujac|marynowac
marynujacych|marynowac
marynujacy|marynowac
marynujacymi|marynowac
marynujacym|marynowac
marynuja|marynowac
marynujcie|marynowac
marynujecie|marynowac
marynuje|marynowac
marynujemy|marynowac
marynujesz|marynowac
marynuj|marynowac
marynujmy|marynowac
mielaca|mielic
mielacego|mielic
mielacej|mielic
mielace|mielic
mielacemu|mielic
mielac|mielic
mielacych|mielic
mielacy|mielic
mielacymi|mielic
mielacym|mielic
miela|mielic
mielcie|mielic
miele|mielic
mielenia|mielic
mielenie|mielic
mieleniem|mielic
mieleni|mielic
mieleniu|mielic
mielicie|mielic
mielic|mielic
mielila|mielic
mielili|mielic
mielil|mielic
mielilo|mielic
mielily|mielic
mieli|mielic
mielimy|mielic
mielisz|mielic
miel|mielic
mielmy|mielic
mielona|mielic
mielonego|mielic
mielonej|mielic
mielone|mielic
mielonemu|mielic
mielono|mielic
mielonych|mielic
mielony|mielic
mielonymi|mielic
mielonym|mielic
mlynek|mlynek
mlynkach|mlynek
mlynkami|mlynek
mlynka|mlynek
mlynkiem|mlynek
mlynki|mlynek
mlynkom|mlynek
mlynkowi|mlynek
mlynkow|mlynek
mlynku|mlynek
mrozaca|mrozic
mrozacego|mrozic
mrozacej|mrozic
mrozace|mrozic
mrozacemu|mrozic
mrozac|mrozic
mrozacych|mrozic
mrozacymi|mrozic
mrozacym|mrozic
mrozacy|mrozic
mroza|mrozic
mrozcie|mrozic
mroze|mrozic
mrozenia|mrozic
mrozeniem|mrozic
mrozenie|mrozic
mrozeni|mrozic
mrozeniu|mrozic
mrozicie|mrozic
mrozic|mrozic
mrozila|mrozic
mrozili|mrozic
mrozil|mrozic
mrozilo|mrozic
mrozily|mrozic
mrozi|mrozic
mrozimy|mrozic
mrozisz|mrozic
mroz|mrozic
mrozmy|mrozic
mrozona|mrozic
mrozonego|mrozic
mrozonej|mrozic
mrozone|mrozic
mrozonemu|mrozic
mrozono|mrozic
mrozonych|mrozic
mrozonymi|mrozic
mrozonym|mrozic
mrozony|mrozic
ostra|ostry
ostrego|ostry
ostrej|ostry
ostremu|ostry
ostre|ostry
ostro|ostry
ostrych|ostry
ostrymi|ostry
ostrym|ostry
ostry|ostry
ostrzejsi|ostry
ostrzejsza|ostry
ostrzejszego|ostry
ostrzejszej|ostry
ostrzejszemu|ostry
ostrzejsze|ostry
ostrzejszych|ostry
ostrzejszymi|ostry
ostrzejszym|ostry
ostrzejszy|ostry
ostrzy|ostry
owocach|owoc
owocami|owoc
owocem|owoc
owoce|owoc
owocom|owoc
owocowi|owoc
owoc|owoc
owocow|owoc
owocu|owoc
plaster|plaster
plastrach|plaster
plastrami|plaster
plastra|plaster
plastrem|plaster
plastrom|plaster
plastrowi|plaster
plastrow|plaster
plastry|plaster
plastrze|plaster
polowce|polowka
polowek|polowka
polowkach|polowka
polowkami|polowka
polowka|polowka
polowke|polowka
polowki|polowka
polowkom|polowka
polowko|polowka
puszek|puszek
puszkach|puszek
puszkami|puszek
puszka|puszek
puszkiem|puszek
puszki|puszek
puszkom|puszek
puszkowi|puszek
puszkow|puszek
puszku|puszek
rozdrobnia|rozdrobnic
rozdrobnicie|rozdrobnic
rozdrobnic|rozdrobnic
rozdrobnienia|rozdrobnic
rozdrobnieniem|rozdrobnic
rozdrobnienie|rozdrobnic
rozdrobnieni|rozdrobnic
rozdrobnieniu|rozdrobnic
rozdrobnie|rozdrobnic
rozdrobnijcie|rozdrobnic
rozdrobnijmy|rozdrobnic
rozdrobnij|rozdrobnic
rozdrobnila|rozdrobnic
rozdrobnili|rozdrobnic
rozdrobnilo|rozdrobnic
rozdrobnil|rozdrobnic
rozdrobnily|rozdrobnic
rozdrobnimy|rozdrobnic
rozdrobniona|rozdrobnic
rozdrobnionego|rozdrobnic
rozdrobnionej|rozdrobnic
rozdrobnionemu|rozdrobnic
rozdrobnione|rozdrobnic
rozdrobniono|rozdrobnic
rozdrobnionych|rozdrobnic
rozdrobnionymi|rozdrobnic
rozdrobnionym|rozdrobnic
rozdrobniony|rozdrobnic
rozdrobni|rozdrobnic
rozdrobnisz|rozdrobnic
rozdrobniwszy|rozdrobnic
skorach|skora
skorami|skora
skora|skora
skorce|skorka
skorek|skorka
skore|skora
skorkach|skorka
skorkami|skorka
skorka|skorka
skorke|skorka
skorki|skorka
skorkom|skorka
skorko|skorka
skorom|skora
skoro|skora
skor|skora
skory|skora
skorze|skora
slodcy|slodki
slodka|slodki
slodkich|slodki
slodkiego|slodki
slodkiej|slodki
slodkiemu|slodki
slodkie|slodki
slodkimi|slodki
slodkim|slodki
slodki|slodki
slodko|slodki
slodsi|slodki
slodsza|slodki
slodszego|slodki
slodszej|slodki
slodszemu|slodki
slodsze|slodki
slodszych|slodki
slodszymi|slodki
slodszym|slodki
slodszy|slodki
suszaca|suszyc
suszacego|suszyc
suszacej|suszyc
suszacemu|suszyc
suszace|suszyc
suszac|suszyc
suszacych|suszyc
suszacymi|suszyc
suszacym|suszyc
suszacy|suszyc
susza|suszyc
suszcie|suszyc
suszenia|suszyc
suszeniem|suszyc
suszenie|suszyc
suszeni|suszyc
suszeniu|suszyc
susze|suszyc
suszmy|suszyc
suszona|suszyc
suszonego|suszyc
suszonej|suszyc
suszonemu|suszyc
suszone|suszyc
suszono|suszyc
suszonych|suszyc
suszonymi|suszyc
suszonym|suszyc
suszony|suszyc
susz|suszyc
suszycie|suszyc
suszyc|suszyc
suszyla|suszyc
suszyli|suszyc
suszylo|suszyc
suszyl|suszyc
suszyly|suszyc
suszymy|suszyc
suszy|suszyc
suszysz|suszyc
tarcia|trzec
tarciem|trzec
tarcie|trzec
tarci|trzec
tarciu|trzec
tarla|trzec
tarli|trzec
tarlo|trzec
tarl|trzec
tarly|trzec
tarta|trzec
tartego|trzec
tartej|trzec
tartemu|trzec
tarte|trzec
tarto|trzec
tartych|trzec
tartymi|trzec
tartym|trzec
tarty|trzec
traca|trzec
tracego|trzec
tracej|trzec
tracemu|trzec
trace|trzec
trac|trzec
tracych|trzec
tracymi|trzec
tracym|trzec
tracy|trzec
tra|trzec
tre|trzec
trzecie|trzec
trzec|trzec
trzemy|trzec
trzesz|trzec
trze|trzec
trzyjcie|trzec
trzyjmy|trzec
trzyj|trzec
zalewach|zalewa
zalewami|zalewa
zalewa|zalewa
zalewe|zalewa
zalewie|zalewa
zalewom|zalewa
zalewo|zalewa
zalewy|zalewa
zalew|zalewa
jablek|jablko
jablkach|jablko
jablka|jablko
jablkami|jablko
jablkiem|jablko
jablko|jablko
jablkom|jablko
jablku|jablko
kolendrach|kolendra
kolendra|kolendra
kolendrami|kolendra
kolendre|kolendra
kolendr|kolendra
kolendro|kolendra
kolendrom|kolendra
kolendry|kolendra
kolendrze|kolendra
mango|mango
miecie|mieta
mietach|mieta
mieta|mieta
mietami|mieta
miete|mieta
miet|mieta
mieto|mieta
mietom|mieta
miety|mieta
morelach|morela
morelami|morela
morela|morela
morele|morela
moreli|morela
morel|morela
morelom|morela
morelo|morela
olei|olej
olejach|olej
olejami|olej
olejem|olej
oleje|olej
olej|olej
olejom|olej
olejowi|olej
olejow|olej
oleju|olej
pitaja|pitaja
wisien|wisnia
wisniach|wisnia
wisniami|wisnia
wisnia|wisnia
wisnie|wisnia
wisniom|wisnia
wisnio|wisnia
wisni|wisnia